<?xml version="1.0"?>
<!--<!DOCTYPE metadata SYSTEM "http://www.esri.com/metadata/esriprof80.dtd">-->
<metadata xml:lang="id"><Esri><MetaID>{90D5324E-780C-4FBC-A6D5-1DA7329AA4EE}</MetaID><CreaDate>20121031</CreaDate><CreaTime>11095300</CreaTime><SyncOnce>TRUE</SyncOnce><DataProperties><lineage><Process ToolSource="C:\Program Files (x86)\ArcGIS\ArcToolbox\Toolboxes\Data Management Tools.tbx\DeleteField" Date="20121031" Time="110953">DeleteField bts_kel_buduran_line FID_;Entity;Handle;LyrFrzn;LyrLock;LyrOn;LyrVPFrzn;LyrHandle;Color;EntColor;LyrColor;BlkColor;Linetype;EntLinetyp;LyrLnType;BlkLinetyp;Elevation;Thickness;LineWt;EntLineWt;LyrLineWt;BlkLineWt;RefName;LTScale;ExtX;ExtY;ExtZ;DocName;DocPath;DocType;DocVer bts_kel_buduran_line</Process></lineage></DataProperties></Esri></metadata>
